{
    "$schema": "https://go.kicad.org/pcm/schemas/v1",
    "author": {
        "contact": {
            "email": "ucrew@local"
        },
        "name": "stellar-creator"
    },
    "description": "Symbol and Footprint library for uCrewProjects PCB's module",
    "description_full": "This library need for automatization",
    "identifier": "ucrew.projects.library",
    "license": "GPL",
    "name": "uCrewProjectsLibrary",
    "resources": {
        "Wiki": "https://github.com/stellar-creator/uCrew/wiki",
        "Github": "https://github.com/stellar-creator/uCrew"
    },
    "tags": [
        "footprints",
        "symbols"
    ],
    "type": "library",
    "versions": [
        {
            "download_sha256": "d83fed2b2309a7d3f6690a2b2e294071fb9c57444e282d637f7f8d7b774dfc29",
            "download_size": 4060,
            "download_url": "http://94.51.83.132/uc_temporary/uCrewKiCadPlugins/uCrewProjectLibrary/latests.zip",
            "install_size": 10706,
            "kicad_version": "6.0",
            "status": "stable",
            "version": "0.1"
        }
    ]
}