{
    "$schema": "https://go.kicad.org/pcm/schemas/v1",
    "author": {
        "contact": {
            "email": "ucrew@local"
        },
        "name": "stellar-creator"
    },
    "description": "Symbol and Footprint library for uCrewProjects PCB's module",
    "description_full": "This library need for automatization",
    "identifier": "ucrew.projects.library",
    "license": "GPL",
    "name": "uCrewProjectsLibrary",
    "resources": {
        "Wiki": "https://github.com/stellar-creator/uCrew/wiki",
        "Github": "https://github.com/stellar-creator/uCrew"
    },
    "tags": [
        "footprints",
        "symbols"
    ],
    "type": "library",
    "versions": [
        {
            "download_sha256": "291da9d9657b07cb3af33e2625e973881823a4340f58180b91aafe71bd4cd88b",
            "download_size": 9531,
            "download_url": "http://94.51.83.132/uc_temporary/uCrewKiCadPlugins/uCrewProjectLibrary/latests.zip",
            "install_size": 25556,
            "kicad_version": "6.0",
            "status": "stable",
            "version": "1.1"
        }
    ]
}