{
    "description": "This plugin allows you to upload your project to the uCrewProject server",
    "license": "GPL",
    "versions": [
        {
            "status": "stable",
            "download_size": 7152,
            "download_sha256": "e7cb75e1bbb7ea8be437434df468e5b9023d102406dfc1a31aa6812b6b4b9afa",
            "install_size": 9338,
            "download_url": "http://94.51.83.132/uc_temporary/uCrewKiCadPlugins/uCrewProjectUploader/latests.zip",
            "platforms": [
                "linux",
                "macos",
                "windows"
            ],
            "version": "0.2.3",
            "kicad_version": "6.0"
        }
    ],
    "tags": [
        "upload",
        "pcbnew",
        "html",
        "database",
        "documentation"
    ],
    "description_full": "Plugin for upload your project to uCrewProjects module.",
    "author": {
        "contact": {
            "email": "ucrew@local"
        },
        "name": "Pavel"
    },
    "$schema": "https://go.kicad.org/pcm/schemas/v1",
    "identifier": "ucrew.projects.uploader",
    "type": "plugin",
    "resources": {
        "Wiki": "https://github.com/stellar-creator/uCrew/wiki",
        "Github": "https://github.com/stellar-creator/uCrew"
    },
    "name": "uCrewProjects Uploader"
}