{
    "description": "This plugin allows you to upload your project to the uCrewProject server",
    "license": "GPL",
    "versions": [
        {
            "status": "stable",
            "download_size": 33631,
            "download_sha256": "c85f3be307cd5982bb62ea9f41927c62b569214a12376e54b4f2ff2c82edd9a1",
            "install_size": 102881,
            "download_url": "http://94.51.83.132/uc_temporary/uCrewKiCadPlugins/uCrewProjectUploader/latests.zip",
            "platforms": [
                "linux",
                "macos",
                "windows"
            ],
            "version": "0.3.6",
            "kicad_version": "6.0"
        }
    ],
    "tags": [
        "upload",
        "pcbnew",
        "html",
        "database",
        "documentation"
    ],
    "description_full": "Plugin for upload your project to uCrewProjects module.",
    "author": {
        "contact": {
            "email": "ucrew@local"
        },
        "name": "stellar-creator"
    },
    "$schema": "https://go.kicad.org/pcm/schemas/v1",
    "identifier": "ucrew.projects.uploader",
    "type": "plugin",
    "resources": {
        "Wiki": "https://github.com/stellar-creator/uCrew/wiki",
        "Github": "https://github.com/stellar-creator/uCrew"
    },
    "name": "uCrewProjects Uploader"
}