{
    "description": "This plugin allows you to upload your project to the uCrewProject server",
    "license": "GPL",
    "versions": [
        {
            "status": "stable",
            "download_size": 7397,
            "download_sha256": "4b28bc201d87e23fe5490ec17cab7189193a9fd1e3528a46cd7eb2a76c83c6ce",
            "install_size": 9416,
            "download_url": "http://94.51.83.132/uc_temporary/uCrewKiCadPlugins/uCrewProjectUploader/latests.zip",
            "platforms": [
                "linux",
                "macos",
                "windows"
            ],
            "version": "0.1.3",
            "kicad_version": "6.0"
        }
    ],
    "tags": [
        "upload",
        "pcbnew",
        "html",
        "database",
        "documentation"
    ],
    "description_full": "Plugin for upload your project to uCrewProjects module.",
    "author": {
        "contact": {
            "email": "ucrew@local"
        },
        "name": "Pavel"
    },
    "$schema": "https://go.kicad.org/pcm/schemas/v1",
    "identifier": "local.stellar-creator.ucrewprojectsuploader",
    "type": "plugin",
    "resources": {
        "Wiki": "https://github.com/stellar-creator/uCrew/wiki",
        "Github": "https://github.com/stellar-creator/uCrew"
    },
    "name": "uCrewProjects Uploader"
}