{
    "description": "This plugin allows you to upload your project to the uCrewProject server",
    "license": "GPL",
    "versions": [
        {
            "status": "stable",
            "download_size": 29464,
            "download_sha256": "9881e0bb15a3b64cfe0db0416b6025cd86f49743ffe2c3577102756486f21359",
            "install_size": 79932,
            "download_url": "http://94.51.83.132/uc_temporary/uCrewKiCadPlugins/uCrewProjectUploader/latests.zip",
            "platforms": [
                "linux",
                "macos",
                "windows"
            ],
            "version": "0.3.1",
            "kicad_version": "6.0"
        }
    ],
    "tags": [
        "upload",
        "pcbnew",
        "html",
        "database",
        "documentation"
    ],
    "description_full": "Plugin for upload your project to uCrewProjects module.",
    "author": {
        "contact": {
            "email": "ucrew@local"
        },
        "name": "Pavel"
    },
    "$schema": "https://go.kicad.org/pcm/schemas/v1",
    "identifier": "ucrew.projects.uploader",
    "type": "plugin",
    "resources": {
        "Wiki": "https://github.com/stellar-creator/uCrew/wiki",
        "Github": "https://github.com/stellar-creator/uCrew"
    },
    "name": "uCrewProjects Uploader"
}